Organism Name	Annotation Name	Assembly Stats Total Sequence Length
Malassezia nana	Annotation submitted by Duke University	7702145
Malassezia arunalokei	Annotation submitted by Duke University	7331251
Malassezia japonica	Annotation submitted by Duke University	8433779
Malassezia vespertilionis	Annotation submitted by Duke University	7595203
Kwoniella botswanensis	Annotation submitted by Broad Institute	23007246
Kwoniella bestiolae CBS 10118	Annotation submitted by Department of Molecular Genetics and Microbiology, Duke University	24551665
Kwoniella dejecticola CBS 10117	Annotation submitted by Department of Molecular Genetics and Microbiology, Duke University	23932770
Kwoniella shivajii	Annotation submitted by Broad Institute	22171496
Kwoniella pini CBS 10737	Annotation submitted by Department of Molecular Genetics and Microbiology, Duke University	20887338
Kwoniella shandongensis	Annotation submitted by Department of Molecular Genetics and Microbiology, Duke University	21305292
Sporisorium graminicola	Annotation submitted by University of Liverpool, Institute of Integrative Biology	19565848
Cutaneotrichosporon cavernicola	Annotation submitted by Tokyo University of Agriculture	20237334
Malassezia brasiliensis	Annotation submitted by Duke University	8000312
Malassezia obtusa	Annotation submitted by Duke University	8169464
Malassezia cuniculi	Annotation submitted by Duke University	7453460
Malassezia psittaci	Annotation submitted by Duke University	8186253
Malassezia yamatoensis	Annotation submitted by Duke University	8264016
Malassezia caprae	Annotation submitted by Duke University	7728824
Rhizoctonia solani	Annotation submitted by China Agricultural University	40703773
Rhodotorula mucilaginosa		20314606
Puccinia triticina	Annotation submitted by Henan Agricultural University	122823596
Taiwanofungus camphoratus		33045214
Sporisorium scitamineum		19979571
Malassezia restricta	Annotation submitted by Korea Polar Research Institute	7330907
Lyophyllum decastes		47719223
Tricholoma bakamatsutake		142068211
Tremella fuciformis		28148466
Pyrrhoderma noxium	Annotation submitted by Academia Sinica	31444514
Pleurotus cornucopiae	Annotation submitted by Institute of Agricultural Resources and Regional Planning	32382086
Apiotrichum mycotoxinovorans		30749651
Malassezia furfur	Annotation submitted by Jawaharlal Nehru Centre for Advanced Scientific Research	8268083
Ustilago bromivora	Annotation submitted by Institute of Bioinformatics and Systems Biology	20447485
Vanrija pseudolonga	Annotation submitted by Dankook University	24922244
Clitopilus hobsonii		36926258
Cryptococcus decagattii	Annotation submitted by Broad Institute	17768546
Kwoniella sp. CBS 6097	Annotation submitted by Broad Institute	26078312
Kwoniella sp. CBS 9459	Annotation submitted by Broad Institute	25236468
Exobasidium cylindrosporum		17713252
Exobasidium rhododendri	Annotation submitted by Hebei University	17559058
Cryptococcus sp. DSM 104549	Annotation submitted by Broad Institute	24520542
Ceratobasidium sp. AG-Ba	Annotation submitted by China Agricultural University	96290521
Cutaneotrichosporon sp. HIS471	Annotation submitted by Tokyo University of Agriculture	20595329
Sanghuangporus weigelae		33912918
Cryptococcus sp. DSM 104548	Annotation submitted by Broad Institute	19153593
Malassezia equina	Annotation submitted by Duke University	7775479
Malassezia sp. CBS 17886	Annotation submitted by Duke University	9312381
Anthracocystis panici-leucophaei		18837883
Salmacisia buchloeana		20053587
Cryptococcus deuterogattii R265	Annotation submitted by Jawaharlal Nehru Centre for Advanced Scientific Research	17550122
Cryptococcus neoformans var. neoformans JEC21	Annotation submitted by TIGR	19051922
Agaricus bisporus var. bisporus H97		30417844
Cryptococcus gattii WM276	Annotation submitted by Canada's Michael Smith Genome Sciences Centre	18374760
Tricholoma matsutake		161040721
Armillaria ostoyae		56666185
Trametes hirsuta		37433966
Hygrocybe coccinea		65126115
Sporisorium reilianum f. sp. reilianum	Annotation submitted by Technische Universitat Munchen - WZW	18522598
Chlorophyllum brunneum		38856969
Ganoderma resinaceum		41015703
Dictyophora rubrovolvata		28241966
Russula olivacea		38334703
Kwoniella sp. DSM 27419	Annotation submitted by Broad Institute	18083668
Cryptococcus floricola		21699837
Kwoniella mangroviensis CBS 8507	Annotation submitted by Broad Institute	22796923
Ustilago maydis 521	Annotation submitted by Broad Institute	19664356
Puccinia striiformis f. sp. tritici	Annotation submitted by Australian National University	89491239
Flammulina velutipes		38126399
Hypsizygus marmoreus		43685284
Sparassis latifolia		41412529
Inonotus hispidus		34017109
Hericium erinaceus		41205484
Ganoderma boninense		55869141
Agaricus subrufescens		44531294
Coprinellus micaceus		51963485
Marasmius oreades	Annotation submitted by Uppsala University	44306131
Psilocybe cubensis	Annotation submitted by Medicinal Genomics	46389424
Lactarius tabidus		52334816
Tausonia pullulans		23855166
Agrocybe praecox		59234987
Lactarius evosmus		57231665
Clavaria fumosa		48519613
Porpolomopsis calyptriformis		33460502
Volvariella surrecta		27932191
Entoloma clypeatum		60058247
Hygrocybe punicea		92146543
Tricholoma hemisulphureum		128910457
Daedaleopsis sinensis		51668064
Hericium rajendrae		46767965
Auricularia sp. M12		54600822
Auricularia sp. M13		52096326
Puccinia polysora		1711118552
Cryptococcus gattii VGV	Annotation submitted by Broad Institute	17886378
Trichosporon asahii var. asahii CBS 2479	Annotation submitted by Beijing Military Command General Hospital of PLA, China	24507743
Malassezia pachydermatis	Annotation submitted by University of Utrecht	8150648
Cutaneotrichosporon curvatum		18637344
Cutaneotrichosporon cutaneum		23155501
Naganishia albida		20697359
Mrakia frigida		28616317
Moesziomyces antarcticus	Annotation submitted by National Institute of Advanced Industrial Science and Technology	18111965
Moesziomyces aphidis	Annotation submitted by Fraunhofer IGB	17921702
Malassezia globosa CBS 7966	Annotation submitted by The Procter & Gamble Company	8954998
Filobasidium wieringae		19781320
Erythrobasidium hasegawianum		39152147
Fereydounia khargensis		10490843
Cryptococcus amylolentus CBS 6039	Annotation submitted by Broad Institute	20254996
Cryptococcus wingfieldii CBS 7118	Annotation submitted by Broad Institute	19969799
Wallemia mellicola CBS 633.66	Annotation submitted by JGI	9815586
Acaromyces ingoldii	Annotation submitted by DOE Joint Genome Institute	19330111
Kwoniella pini CBS 10737	Annotation submitted by Broad Institute	20828584
Kwoniella bestiolae CBS 10118	Annotation submitted by NCBI RefSeq	24360772
Trichosporon faecale		24653913
Filobasidium floriforme	Annotation submitted by DOE Joint Genome Institute	27469088
Jaminaea rosea	Annotation submitted by DOE Joint Genome Institute	16615586
Meira miltonrushii	Annotation submitted by DOE Joint Genome Institute	17383515
Kwoniella dejecticola CBS 10117	Annotation submitted by Broad Institute	23862392
Trichosporon coremiiforme		42353277
Kwoniella mangroviensis CBS 8507	Annotation submitted by Broad Institute	22654511
Kwoniella shandongensis	Annotation submitted by Broad Institute	21297554
Pseudomicrostroma glucosiphilum	Annotation submitted by DOE Joint Genome Institute	17184282
Wallemia ichthyophaga EXF-994	Annotation submitted by BGI	9655632
Cutaneotrichosporon mucoides		40783511
Kalmanozyma brasiliensis GHG001	Annotation submitted by Brazilian Biorenewables National Laboratory (LNBR/CNPEM)	17325407
Ceraceosorus guamensis	Annotation submitted by DOE Joint Genome Institute	24148100
Tilletiaria anomala UBC 951	Annotation submitted by NCBI RefSeq	18704010
Dacryopinax primogenitus	Annotation submitted by DOE Joint Genome Institute	29503487
Atractiella rhizophila	Annotation submitted by DOE Joint Genome Institute	51470471
Violaceomyces palustris	Annotation submitted by DOE Joint Genome Institute	27323055
Ceriporiopsis andreanae CBS 279.92		43152531
Cutaneotrichosporon spelunceum	Annotation submitted by Tokyo University of Agriculture	19159328
Cutaneotrichosporon daszewskae		17225847
Cutaneotrichosporon arboriforme		19894493
Bullera alba		19417308
Cystobasidiopsis lactophilus		22180604
Prillingera fragicola		20263689
Erythrobasidium yunnanense		20930538
Malassezia slooffiae		8932160
Rhodotorula babjevae		21862387
Dioszegia crocea		20595339
Naganishia onofrii	Annotation submitted by Jet Propulsion Laboratory, California Institute of Technology	23784507
Apiotrichum domesticum		24510922
Apiotrichum montevideense		24872216
Cystobasidium onofrii		20994657
Cystobasidium ongulense		19896340
Cutaneotrichosporon cyanovorans		19941766
Farysia itapuensis		13755191
Phaeotremella skinneri		20788256
Ustilago shanxiensis		21706650
Golubevia pallescens		27756302
Apiotrichum veenhuisii		31617680
Dioszegia aurantiaca		19344119
Pseudozyma thailandica		19672538
Apiotrichum laibachii		30616633
Pseudozyma pruni		17871728
Apiotrichum brassicae		23647732
Malassezia dermatis		7551239
Apiotrichum gamsii		24609388
Moesziomyces parantarcticus		18215669
Takashimella koratensis		25142362
Cystobasidium pallidum		21721408
Peribolospora baueri		22677019
Naganishia kalamii		27861060
Cystofilobasidium capitatum		21147027
Pseudohyphozyma bogoriensis	Annotation submitted by USDA/ARS/ERRC/Sustainable Biofuels and Co-products Research	25859341
Podaxis carcinomalis		31458344
Wallemia hederae	Annotation submitted by Biotechnical Faculty, University of Ljubljana	10703213
Takashimella tepidaria (nom. inval.)		22370450
Krasilnikovozyma curviuscula		23175195
Candolleomyces eurysporus	Annotation submitted by TU Dresden - IHI Zittau	69973860
Phaffia australis		18636001
Phaffia tasmanica		19125729
Quambalaria eucalypti		26219376
Ceratobasidium papillatum		41322102
Basidioascus undulatus		32053493
Leccinellum luteum		52718405
Boletus variipes var. fagicola		62075716
Termitomyces titanicus		67660673
Termitomyces bulborhizus		77551996
Boletus chippewaensis		56841418
Rhodotorula toruloides NP11	Annotation submitted by Dalian Institute of Chemical Physics	20223942
Ganoderma lucidum		47515450
Pleurotus ostreatus	Annotation submitted by Academia Sinica	34897228
Lentinula edodes	Annotation submitted by DOE Joint Genome Institute	45594472
Coprinopsis cinerea okayama7#130	Annotation submitted by Broad Institute	36150142
Agaricus bisporus var. bisporus H97	Annotation submitted by NCBI RefSeq	30233745
Phaffia rhodozyma		20076274
Schizophyllum commune H4-8	Annotation submitted by US DOE Joint Genome Institute (JGI-PGF)	38670379
Pleurotus eryngii var. eryngii		53459950
Phanerodontia chrysosporium		39205125
Stropharia rugosoannulata		47968167
Wolfiporia cocos		64436020
Paxillus involutus ATCC 200175	Annotation submitted by JGI	58300722
Agroathelia rolfsii		37673359
Postia placenta MAD-698-R-SB12	Annotation submitted by DOE Joint Genome Institute	42452888
Puccinia graminis f. sp. tritici CRL 75-36-700-3	Annotation submitted by Broad Institute	88644628
Flammulina filiformis		37821480
Laccaria bicolor S238N-H82	Annotation submitted by Laccaria Genome Consortium	64877444
Volvariella volvacea V23		35720033
Armillaria gallica		86087770
Pleurotus tuoliensis		43778493
Inonotus obliquus		36126319
Rhodotorula paludigena	Annotation submitted by Research Center for Advanced Analysis, National Agriculture and Food Research Organization	22499923
Tilletia indica		37460344
Leucoagaricus gongylophorus		152532755
Austropuccinia psidii		1016163381
Hemileia vastatrix		747980110
Melampsora larici-populina 98AG31	Annotation submitted by US DOE Joint Genome Institute (JGI-PGF)	101129028
Trametes versicolor FP-101664 SS1	Annotation submitted by JGI	44794008
Laetiporus sulphureus 93-53	Annotation submitted by DOE Joint Genome Institute	39909705
Pleurotus pulmonarius	Annotation submitted by Academia Sinica	39866212
Floccularia luteovirens		27003024
Sanghuangporus sanghuang		34522431
Grifola frondosa	Annotation submitted by Korea University	39289314
Tilletia caries		38181211
Rhodotorula glutinis		19825474
Irpex lacteus		44362654
Sporobolomyces pararoseus		21483040
Auricularia auricula-judae		43569032
Heterobasidion annosum		27988318
Serpula lacrymans var. lacrymans S7.9	Annotation submitted by US DOE Joint Genome Institute (JGI-PGF)	42797233
Pseudozyma hubeiensis SY62	Annotation submitted by NCBI RefSeq	18442938
Cryptococcus bacillisporus CA1873	Annotation submitted by Broad Institute	17438253
Auricularia cornea		78720327
Pleurotus citrinopileatus		38586867
Phlebopus portentosus		38374347
Agaricus blazei		38686133
Vanrija humicola	Annotation submitted by Ruhr-University Bochum	22632906
Trametes sanguinea		36581626
Rhodotorula kratochvilovae		23718404
Auricularia heimuer		49761846
Ustilago esculenta		26430365
Dictyophora indusiata		67220582
Hericium coralloides		55832714
Phanerochaete sordida	Annotation submitted by Shizuoka University	41214235
Cyclocybe aegerita	Annotation submitted by Integrative Pilzforschung	44790776
Bjerkandera adusta		39456311
Tilletia controversa	Annotation submitted by Julius Kuehn-Institut, German Federal Research Center for Cultivated Plant	49872806
Sanghuangporus vaninii		30345695
Papiliotrema laurentii	Annotation submitted by DOE Joint Genome Institute	19510785
Pisolithus microcarpus	Annotation submitted by DOE Joint Genome Institute	77250852
Dichomitus squalens LYAD-421 SS1	Annotation submitted by JGI	42748430
Microbotryum lychnidis-dioicae p1A1 Lamole		33172729
Serendipita indica DSM 11827	Annotation submitted by Institute for Phytopathology, JLU Giessen	24724951
Rhodotorula graminis WP1	Annotation submitted by DOE Joint Genome Institute	21013998
Gelatoporia subvermispora B	Annotation submitted by DOE Joint Genome Institute	38969650
Pleurotus tuber-regium		35822125
Ganoderma lingzhi		49151792
Sporobolomyces roseus		22396975
Agaricus bitorquis		32345193
Coniferiporia sulphurascens		39347566
Polyporus brumalis		53434618
Rhodotorula sphaerocarpa		18031004
Fomitopsis palustris		35039721
Coprinus comatus		35691447
Trametes gibbosa	Annotation submitted by DOE Joint Genome Institute	33109328
Lactarius hatsudake		76711549
Macrocybe gigantea		41233351
Armillaria borealis	Annotation submitted by DOE Joint Genome Institute	71689880
Trichosporon inkin		20339538
Lactarius deliciosus	Annotation submitted by DOE Joint Genome Institute	96043985
Termitomyces albuminosus		100255416
Leucosporidium creatinivorum		27969159
Pleurotus floridanus		35078781
Pleurotus salmoneostramineus		39193168
Rhodotorula diobovata	Annotation submitted by University of Manitoba	21142622
Solicoccozyma terricola		24117869
Pleurotus djamor	Annotation submitted by TU Dresden - IHI Zittau	62543681
Trametes cinnabarina	Annotation submitted by INRA_UMR1163_BCF	33668918
Auricularia polytricha		38688730
Moniliophthora roreri	Annotation submitted by Purdue University	59541696
Phakopsora pachyrhizi		858710
Mixia osmundae IAM 14324	Annotation submitted by DOE Joint Genome Institute	13634488
Heterobasidion irregulare TC 32-1	Annotation submitted by JGI	33649967
Malassezia sympodialis ATCC 42132	Annotation submitted by SciLifeLab	7669689
Tremella mesenterica DSM 1558	Annotation submitted by DOE Joint Genome Institute	28639919
Glaciozyma antarctica PI12		20033549
Ganoderma sinense ZZ0214-1	Annotation submitted by The Institute of Medicinal Plant Development, China	48955697
Boletus edulis BED1	Annotation submitted by DOE Joint Genome Institute	66525486
Trametes coccinea BRFM310	Annotation submitted by DOE Joint Genome Institute	32757859
Piloderma croceum F 1598	Annotation submitted by DOE Joint Genome Institute	59326866
Amanita muscaria Koide BX008	Annotation submitted by DOE Joint Genome Institute	40699759
Cronartium quercuum f. sp. fusiforme G11	Annotation submitted by DOE Joint Genome Institute	76567842
Cronartium ribicola 11-2		94332870
Cyathus striatus		107511406
Collybia sordida		40667329
Collybia mongolica		45985151
Scleroderma citrinum		40427314
Sparassis crispa	Annotation submitted by Department of Pediatric Cardiology, Tokyo Women's Medical University	39020349
Ganoderma tsugae		43132016
Ganoderma leucocontextum		49523842
Fomes fomentarius	Annotation submitted by DOE Joint Genome Institute	40950972
Cutaneotrichosporon dermatis		39305439
Pleurotus giganteus		40070066
Agrocybe pediades	Annotation submitted by Lund University	45149591
Butyriboletus roseoflavus	Annotation submitted by INRAE	33976981
Calocybe indica		33363367
Puccinia horiana		66403143
Armillaria mellea	Annotation submitted by DOE Joint Genome Institute	70852771
Coriolopsis trogii		38805391
Armillaria solidipes		55735298
Trametes polyzona	Annotation submitted by DOE Joint Genome Institute	34431392
Dioszegia hungarica	Annotation submitted by Universite de Strasbourg	20956552
Chiua virens	Annotation submitted by INRAE	48496802
Mrakia gelida		34889027
Auriscalpium vulgare		51677454
Cubamyces lactineus	Annotation submitted by DOE Joint Genome Institute	36341856
Pleurotus sapidus		46879574
Lyophyllum shimeji	Annotation submitted by National Institute for Basic Biology	31834823
Apiotrichum porosum	Annotation submitted by Karlsruhe Institute of Technology	25479456
Ustilago hordei	Annotation submitted by Technische Universitat Munchen - WZW	26637005
Rhodofomes roseus	Annotation submitted by DOE Joint Genome Institute	38369625
Boletus reticuloceps	Annotation submitted by INRAE	55833107
Saitozyma podzolica	Annotation submitted by Karlsruhe Institute of Technology	29888215
Lactarius indigo	Annotation submitted by DOE Joint Genome Institute	90316074
Trichosporon ovoides		40322879
Tulosesus angulatus	Annotation submitted by Lund University	59300204
Abortiporus biennis	Annotation submitted by DOE Joint Genome Institute	33118568
Pisolithus albus	Annotation submitted by DOE Joint Genome Institute	87748750
Desarmillaria tabescens	Annotation submitted by DOE Joint Genome Institute	74875987
Auriculariopsis ampla	Annotation submitted by DOE Joint Genome Institute	49873921
Pholiota adiposa		54833204
Ceratobasidium theobromae		33255833
Suillus placidus	Annotation submitted by DOE Joint Genome Institute	55323552
Russula griseocarnosa		50605217
Suillus bovinus	Annotation submitted by DOE Joint Genome Institute	47496138
Fomitopsis betulina	Annotation submitted by DOE Joint Genome Institute	42863829
Phenoliferia glacialis		15890627
Stereum hirsutum FP-91666 SS1	Annotation submitted by JGI	46511623
Lactifluus volemus	Annotation submitted by DOE Joint Genome Institute	62975844
Sanghuangporus baumii	Annotation submitted by China University of Petroleum	31641441
Cutaneotrichosporon oleaginosum	Annotation submitted by DOE Joint Genome Institute	19835558
Pterula gracilis	Annotation submitted by DOE Joint Genome Institute	34769099
Suillus spraguei	Annotation submitted by DOE Joint Genome Institute	87086403
Cystofilobasidium bisporidii		21510333
Punctularia strigosozonata HHB-11173 SS5	Annotation submitted by JGI	34171901
Rickenella mellea	Annotation submitted by DOE Joint Genome Institute	45069463
Hymenopellis radicata	Annotation submitted by DOE Joint Genome Institute	78586690
Obba rivulosa	Annotation submitted by DOE Joint Genome Institute	34037596
Artomyces pyxidatus	Annotation submitted by DOE Joint Genome Institute	37987417
Phlebia tremellosa		36141810
Hermanssonia centrifuga	Annotation submitted by CBS-KNAW Fungal Biodiversity Centre Institute of the Royal Netherlands Academy of Arts and Science	34612349
Pascua guehoae		33698914
Fomitopsis pinicola		45982938
Antrodiella citrinella	Annotation submitted by IHI Zittau / TU Dresden	33017182
Hypholoma fasciculare		49753190
Phellinidium pouzarii	Annotation submitted by IHI Zittau / TU Dresden	28590294
Fomitiporia mediterranea MF3/22	Annotation submitted by JGI	63354419
Tilletia horrida		20105270
Russula virescens		64394182
Pholiota microspora		35087922
Agrocybe chaxingu	Annotation submitted by TU Dresden - IHI Zittau	40343159
Hericium alpestre	Annotation submitted by IHI Zittau / TU Dresden	37532302
Tilletia laevis	Annotation submitted by Agriculture and Agri-Food Canada	28777633
Neoboletus brunneissimus		50539702
Serendipita sp. 407	Annotation submitted by University of Missouri	27230538
Melampsora allii-populina		44530309
Amanita bisporigera		75346262
Uromyces transversalis		199233252
Botryobasidium botryosum FD-172 SS1	Annotation submitted by JGI	46674321
Phanerochaete carnosa HHB-10118-sp	Annotation submitted by DOE Joint Genome Institute	46293325
Amanita thiersii Skay4041	Annotation submitted by JGI	33689220
Gloeophyllum trabeum ATCC 11539	Annotation submitted by JGI	37178225
Endocronartium harknessii PhW48OC		56940338
Cryptococcus tetragattii IND107	Annotation submitted by Broad Institute	17649378
Hebeloma cylindrosporum h7	Annotation submitted by DOE Joint Genome Institute	38226047
Lentinus tigrinus ALCF2SS1-7	Annotation submitted by DOE Joint Genome Institute	39530113
Plicaturopsis crispa FD-325 SS-3	Annotation submitted by DOE Joint Genome Institute	34498066
Gymnopus androsaceus JB14	Annotation submitted by DOE Joint Genome Institute	89149538
Suillus brevipes Sb2	Annotation submitted by DOE Joint Genome Institute	52027859
Suillus luteus UH-Slu-Lm8-n1	Annotation submitted by DOE Joint Genome Institute	37014302
Phlebiopsis gigantea 11061_1 CR5-6	Annotation submitted by DOE Joint Genome Institute	30143925
Serendipita vermifera MAFF 305830	Annotation submitted by DOE Joint Genome Institute	38094242
Tulasnella calospora MUT 4182	Annotation submitted by DOE Joint Genome Institute	62392858
Rhizopogon salebrosus TDB-379	Annotation submitted by DOE Joint Genome Institute	82271765
Melampsora medusae f. sp. deltoidis		82241443
Cronartium comandrae C4		68605838
Mycena sanguinolenta	Annotation submitted by Academia Sinica	167179886
Desarmillaria ectypa	Annotation submitted by DOE Joint Genome Institute	40598130
Armillaria fumosa	Annotation submitted by DOE Joint Genome Institute	55824865
Daedaleopsis nitida	Annotation submitted by DOE Joint Genome Institute	41833432
Armillaria nabsnona	Annotation submitted by DOE Joint Genome Institute	62718798
Mycena capillaripes	Annotation submitted by DOE Joint Genome Institute	119906144
Antrodia cinnamomea	Annotation submitted by Academia Sinica	32855596
Crassisporium funariophilum	Annotation submitted by DOE Joint Genome Institute	37117181
Thelephora terrestris	Annotation submitted by DOE Joint Genome Institute	40733037
Microbotryum violaceum		27015394
Lentinula detonsa	Annotation submitted by DOE Joint Genome Institute	40333654
Earliella scabrosa	Annotation submitted by DOE Joint Genome Institute	51673276
Trametes meyenii	Annotation submitted by DOE Joint Genome Institute	35370798
Trametes maxima	Annotation submitted by DOE Joint Genome Institute	36566397
Panaeolus papilionaceus	Annotation submitted by DOE Joint Genome Institute	50889730
Naematelia aurantialba		20998359
Mycena floridula	Annotation submitted by DOE Joint Genome Institute	118533562
Mycena filopes	Annotation submitted by DOE Joint Genome Institute	112004863
Tilletia setariae		23617053
Phellinus lamaoensis		30687398
Pisolithus tinctorius	Annotation submitted by DOE Joint Genome Institute	92528219
Lentinula raphanica	Annotation submitted by DOE Joint Genome Institute	49067377
Mycena albidolilacea	Annotation submitted by DOE Joint Genome Institute	126717228
Agaricus sinodeliciosus		32482119
Ustanciosporium gigantosporum		20177783
Roridomyces roridus	Annotation submitted by DOE Joint Genome Institute	91122911
Rhodosporidiobolus odoratus		24898183
Lentinula aciculospora	Annotation submitted by DOE Joint Genome Institute	110953323
Mycena epipterygia	Annotation submitted by DOE Joint Genome Institute	118648059
Russula ochroleuca	Annotation submitted by DOE Joint Genome Institute	44738512
Kockovaella imperatae	Annotation submitted by DOE Joint Genome Institute	17465713
Melampsora americana	Annotation submitted by DOE Joint Genome Institute	112349310
Ustilago cynodontis		23130474
Trametes villosa		46748369
Mycena amicta	Annotation submitted by DOE Joint Genome Institute	81431410
Tricholomella constricta	Annotation submitted by Lund University	44412325
Armillaria luteobubalina	Annotation submitted by DOE Joint Genome Institute	97106278
Trametes punicea	Annotation submitted by DOE Joint Genome Institute	30261980
Mycena rebaudengoi	Annotation submitted by DOE Joint Genome Institute	218590756
Mycena latifolia	Annotation submitted by DOE Joint Genome Institute	148767387
Mycena polygramma	Annotation submitted by DOE Joint Genome Institute	132253541
Armillaria novae-zelandiae	Annotation submitted by DOE Joint Genome Institute	79334843
Trametes elegans	Annotation submitted by DOE Joint Genome Institute	33812861
Suillus subaureus	Annotation submitted by DOE Joint Genome Institute	57660940
Cubamyces menziesii	Annotation submitted by DOE Joint Genome Institute	35218293
Cristinia sonorae	Annotation submitted by DOE Joint Genome Institute	30130434
Naganishia liquefaciens	Annotation submitted by School of Life Science and Technology, Tokyo Institute of Technology	19492980
Pisolithus orientalis	Annotation submitted by DOE Joint Genome Institute	57997239
Cantharellus anzutake	Annotation submitted by DOE Joint Genome Institute	120173979
Porodaedalea pini		53307688
Mycena galericulata	Annotation submitted by DOE Joint Genome Institute	197139282
Lenzites betulinus	Annotation submitted by DOE Joint Genome Institute	37463246
Pisolithus thermaeus	Annotation submitted by DOE Joint Genome Institute	81921463
Mycena belliae	Annotation submitted by DOE Joint Genome Institute	56444626
Russula emetica	Annotation submitted by DOE Joint Genome Institute	55121418
Suillus tomentosus	Annotation submitted by DOE Joint Genome Institute	53063458
Boletus coccyginus	Annotation submitted by DOE Joint Genome Institute	54939811
Mycena crocata	Annotation submitted by DOE Joint Genome Institute	93990387
Trametopsis cervina	Annotation submitted by DOE Joint Genome Institute	29819895
Suillus plorans	Annotation submitted by DOE Joint Genome Institute	51861001
Mycena vitilis	Annotation submitted by DOE Joint Genome Institute	83665095
Suillus fuscotomentosus	Annotation submitted by DOE Joint Genome Institute	79655913
Suillus subluteus	Annotation submitted by DOE Joint Genome Institute	114207342
Lentinula guzmanii	Annotation submitted by DOE Joint Genome Institute	41453719
Mycena maculata	Annotation submitted by DOE Joint Genome Institute	104056733
Lentinula lateritia	Annotation submitted by DOE Joint Genome Institute	45430989
Gloeopeniophorella convolvens	Annotation submitted by DOE Joint Genome Institute	37988413
Suillus discolor	Annotation submitted by DOE Joint Genome Institute	60609832
Mycena metata	Annotation submitted by DOE Joint Genome Institute	164113792
Rhodotorula taiwanensis	Annotation submitted by Lawrence Livermore National Laboratory	19568495
Phellopilus nigrolimitatus	Annotation submitted by DOE Joint Genome Institute	56764883
Mycena vulgaris	Annotation submitted by DOE Joint Genome Institute	193677039
Mycena alexandri	Annotation submitted by DOE Joint Genome Institute	132306732
Trametes cingulata	Annotation submitted by DOE Joint Genome Institute	35002292
Phallus impudicus		63542048
Suillus cothurnatus	Annotation submitted by DOE Joint Genome Institute	94611779
Epithele typhae	Annotation submitted by DOE Joint Genome Institute	56143418
Suillus paluster	Annotation submitted by DOE Joint Genome Institute	61993750
Suillus clintonianus	Annotation submitted by DOE Joint Genome Institute	46838326
Russula dissimulans	Annotation submitted by DOE Joint Genome Institute	44689478
Pisolithus croceorrhizus	Annotation submitted by DOE Joint Genome Institute	80714400
Testicularia cyperi	Annotation submitted by DOE Joint Genome Institute	20778962
Pholiota molesta	Annotation submitted by DOE Joint Genome Institute	66044324
Lactarius akahatsu	Annotation submitted by DOE Joint Genome Institute	80299772
Lactarius sanguifluus	Annotation submitted by DOE Joint Genome Institute	86230511
Mycena rosella	Annotation submitted by DOE Joint Genome Institute	129492142
Coniophora puteana RWD-64-598 SS2	Annotation submitted by DOE Joint Genome Institute	42968544
Flammula alnicola	Annotation submitted by DOE Joint Genome Institute	75008219
Tilletiopsis washingtonensis	Annotation submitted by DOE Joint Genome Institute	18761941
Naematelia encephala	Annotation submitted by DOE Joint Genome Institute	19786307
Mycena olivaceomarginata	Annotation submitted by DOE Joint Genome Institute	501225342
Dentipellis sp. KUC8613	Annotation submitted by Korea University	36706823
Suillus subalutaceus	Annotation submitted by DOE Joint Genome Institute	64971567
Guyanagaster necrorhizus MCA 3950	Annotation submitted by DOE Joint Genome Institute	53686691
Pisolithus marmoratus	Annotation submitted by DOE Joint Genome Institute	122384764
Lactarius vividus	Annotation submitted by DOE Joint Genome Institute	69041955
Suillus lakei	Annotation submitted by DOE Joint Genome Institute	79746074
Neoantrodia serialis	Annotation submitted by DOE Joint Genome Institute	66694225
Lactifluus subvellereus	Annotation submitted by DOE Joint Genome Institute	44824221
Gautieria morchelliformis	Annotation submitted by DOE Joint Genome Institute	122807766
Russula vinacea	Annotation submitted by DOE Joint Genome Institute	43280073
Infundibulicybe gibba	Annotation submitted by DOE Joint Genome Institute	65973163
Suillus variegatus	Annotation submitted by DOE Joint Genome Institute	64862609
Multifurca ochricompacta	Annotation submitted by DOE Joint Genome Institute	54697930
Heliocybe sulcata	Annotation submitted by DOE Joint Genome Institute	31948515
Mycena leptocephala	Annotation submitted by DOE Joint Genome Institute	377319499
Mycena haematopus	Annotation submitted by DOE Joint Genome Institute	62806267
Amylocystis lapponica	Annotation submitted by DOE Joint Genome Institute	35500685
Amanita rubescens	Annotation submitted by DOE Joint Genome Institute	76593165
Rhodocollybia butyracea	Annotation submitted by DOE Joint Genome Institute	96282412
Russula brevipes	Annotation submitted by DOE Joint Genome Institute	48529157
Gymnopilus junonius	Annotation submitted by DOE Joint Genome Institute	59461163
Lactarius pseudohatsudake	Annotation submitted by DOE Joint Genome Institute	99708583
Cerioporus squamosus	Annotation submitted by DOE Joint Genome Institute	55468683
Irpex rosettiformis	Annotation submitted by DOE Joint Genome Institute	34571335
Chalciporus piperatus		35949429
Cystofilobasidium macerans		20110400
Russula compacta	Annotation submitted by DOE Joint Genome Institute	45678814
Pilatotrama ljubarskyi	Annotation submitted by DOE Joint Genome Institute	34004100
Fomitopsis schrenkii	Annotation submitted by DOE Joint Genome Institute	41614358
Suillus ampliporus	Annotation submitted by DOE Joint Genome Institute	58334580
Mucidula mucida	Annotation submitted by DOE Joint Genome Institute	61732987
Amanita phalloides	Annotation submitted by University of Wisconsin-Madison	35514831
Crepidotus variabilis	Annotation submitted by DOE Joint Genome Institute	38577924
Schizopora paradoxa	Annotation submitted by DOE Joint Genome Institute	44406206
Lactarius psammicola	Annotation submitted by DOE Joint Genome Institute	69824043
Russula aff. rugulosa BPL654	Annotation submitted by DOE Joint Genome Institute	43452339
Cytidiella melzeri	Annotation submitted by DOE Joint Genome Institute	50894641
Suillus occidentalis	Annotation submitted by DOE Joint Genome Institute	57963537
Crucibulum laeve	Annotation submitted by DOE Joint Genome Institute	44728771
Gyrodon lividus	Annotation submitted by DOE Joint Genome Institute	43048674
Lactarius quietus	Annotation submitted by DOE Joint Genome Institute	115901997
Scleroderma bovista		51877110
Coprinopsis marcescibilis	Annotation submitted by DOE Joint Genome Institute	38912666
Phlegmacium glaucopus	Annotation submitted by DOE Joint Genome Institute	63450306
Leucogyrophana mollusca	Annotation submitted by DOE Joint Genome Institute	35193237
Pholiota conissans	Annotation submitted by DOE Joint Genome Institute	43955553
Tulasnella sp. JGI-2019a	Annotation submitted by DOE Joint Genome Institute	44191844
Suillus hirtellus	Annotation submitted by DOE Joint Genome Institute	49942187
Russula earlei	Annotation submitted by DOE Joint Genome Institute	70012961
Lentinula aff. detonsa	Annotation submitted by DOE Joint Genome Institute	33347642
Lactarius hengduanensis	Annotation submitted by DOE Joint Genome Institute	61963203
Lentinula boryana	Annotation submitted by DOE Joint Genome Institute	32414438
Tilletia walkeri	Annotation submitted by Agriculture and Agri-Food Canada	24274610
Collybia nuda	Annotation submitted by DOE Joint Genome Institute	43493018
Suillus weaverae	Annotation submitted by DOE Joint Genome Institute	42341223
Pleurotus platypus		39966270
Ramaria rubella	Annotation submitted by DOE Joint Genome Institute	105462249
Cystofilobasidium ferigula		19050388
Xerocomus impolitus		41618828
Lentinula novae-zelandiae	Annotation submitted by DOE Joint Genome Institute	35621183
Thelephora ganbajun	Annotation submitted by DOE Joint Genome Institute	36335475
Paxillus ammoniavirescens	Annotation submitted by DOE Joint Genome Institute	35762581
Imleria badia	Annotation submitted by DOE Joint Genome Institute	38390415
Suillus americanus	Annotation submitted by DOE Joint Genome Institute	50809076
Suillus decipiens	Annotation submitted by DOE Joint Genome Institute	62784544
Pseudozyma flocculosa PF-1	Annotation submitted by Université Laval	23305380
Hygrophoropsis aurantiaca	Annotation submitted by DOE Joint Genome Institute	36975565
Pluteus cervinus	Annotation submitted by DOE Joint Genome Institute	52193021
Mrakia psychrophila		27770102
Russula lepida		41450637
Chondrostereum purpureum		41257385
Gloeostereum incarnatum		38655575
Pulveroboletus ravenelii		51111706
Lactifluus piperatus		50768713
Lactarius trivialis		36119023
Amylostereum chailletii	Annotation submitted by DOE Joint Genome Institute	38204724
Phlebia brevispora	Annotation submitted by TU Dresden - IHI Zittau	28652608
Hygrophorus russula		27660702
Tricholoma saponaceum		55708857
Tylopilus plumbeoviolaceoides		49979144
Russula foetens		49881810
Ramaria cf. rubripermanens		85574030
Tricholoma terreum		84437827
Russula abietina		53599711
Lactifluus hygrophoroides		55463383
Chroogomphus rutilus		205402620
Amanita pseudoporphyria		52485497
Tricholoma flavovirens		119315121
Thelephora aurantiotincta		29413264
Rhizopogon vulgaris		29517789
Melanopsichium pennsylvanicum	Annotation submitted by Technische Universitat Munchen - WZW	21119910
Naganishia vishniacii ANT03-052		19679091
Mycena galopus ATCC 62051	Annotation submitted by DOE Joint Genome Institute	211361780
Kwoniella heveanensis BCC8398	Annotation submitted by Broad Institute	25469355
Fistulina hepatica ATCC 64428	Annotation submitted by DOE Joint Genome Institute	33847808
Sistotremastrum niveocremeum HHB9708	Annotation submitted by DOE Joint Genome Institute	35361098
Calocera viscosa TUFC12733	Annotation submitted by DOE Joint Genome Institute	29097227
Hypholoma sublateritium FD-334 SS-4	Annotation submitted by JGI	48031814
Amanita inopinata Kibby_2008	Annotation submitted by Harvard University	20082689
Daedalea quercina L-15889	Annotation submitted by DOE Joint Genome Institute	32736329
Collybiopsis luxurians FD-317 M1	Annotation submitted by DOE JGI	66281670
Jaapia argillacea MUCL 33604	Annotation submitted by DOE Joint Genome Institute	45045899
Sistotremastrum suecicum HHB10207 ss-3	Annotation submitted by DOE Joint Genome Institute	33857913
Neolentinus lepideus HHB14362 ss-1	Annotation submitted by DOE Joint Genome Institute	35640188
Cylindrobasidium torrendii FP15055 ss-10	Annotation submitted by DOE Joint Genome Institute	31574086
Calocera cornea HHB12733	Annotation submitted by DOE Joint Genome Institute	33244933
Marasmius fiardii PR-910	Annotation submitted by DOE Joint Genome Institute	59447912
Hydnum rufescens UP504	Annotation submitted by DOE Joint Genome Institute	67135451
Vararia minispora EC-137	Annotation submitted by DOE Joint Genome Institute	36812209
Panus rudis PR-1116 ss-1	Annotation submitted by DOE Joint Genome Institute	36358364
Dendrothele bispora CBS 962.96	Annotation submitted by DOE Joint Genome Institute	130650616
Hydnomerulius pinastri MD-312	Annotation submitted by DOE Joint Genome Institute	38278792
Ganoderma multipileum BCRC 37180		46383635
Polyporus arcularius HHB13444	Annotation submitted by DOE Joint Genome Institute	43452342
Lignosus rhinocerotis TM02		34312868
Exidia glandulosa HHB12029	Annotation submitted by DOE Joint Genome Institute	78161169
Papiliotrema flavescens NRRL Y-50378		22790521
Macrolepiota fuliginosa MF-IS2	Annotation submitted by DOE Joint Genome Institute	46382382
Rhizopogon vinicolor AM-OR11-026	Annotation submitted by DOE Joint Genome Institute	36102320
Omphalotus olearius VT 653.13		27993721
Laccaria amethystina LaAM-08-1	Annotation submitted by DOE Joint Genome Institute	52197432
Sphaerobolus stellatus SS14	Annotation submitted by DOE Joint Genome Institute	176372157
Paxillus rubicundulus Ve08.2h10	Annotation submitted by DOE Joint Genome Institute	53011005
Amanita brunnescens Koide BX004	Annotation submitted by Harvard University	36016155
Mycena venus	Annotation submitted by Academia Sinica	162187722
Cystobasidium tubakii		21538963
Mycena indigotica	Annotation submitted by Academia Sinica	72886219
Trichaptum abietinum		49443107
Amauroderma rugosum		40655687
Vanrija sp. CR7		22471324
Sanguinoderma infundibulare		48989820
Strobilurus orientalis		51246830
Clathrus columnatus	Annotation submitted by Center for Molecular Biodiversity Research, National Museum of Nature & Science	36509728
Ceratobasidium sp. AG-K		53633150
Mycena kentingensis (nom. inval.)	Annotation submitted by Academia Sinica	65015191
Amanita fuliginea		60225502
Amanita exitialis		49118549
Calvatia gigantea		46042072
Psilocybe cf. subviscida	Annotation submitted by Lund University	53019196
Strobilurus stephanocystis		42381591
Termitomyces sp. 'cryptogamus'	Annotation submitted by Wageningen University	70031285
Hirschioporus fuscoviolaceus		59093390
Galerina marginata		69369710
Strobilurus luchuensis		46713225
Hymenopellis raphanipes		60215257
Marasmius tenuissimus	Annotation submitted by USDA ARS	71059515
Phlebopus sp. FC_14	Annotation submitted by DOE Joint Genome Institute	36096188
Auriscalpium microsporum		43461200
Lanmaoa asiatica	Annotation submitted by INRAE	46638161
Taiwanofungus sp. YW-2023a		34592531
Armillaria cepistipes		75519607
Strobilurus pachycystidiatus		51817783
Leucoagaricus leucothites	Annotation submitted by Lund University	47309141
Cantharellus purpuraceus		40153731
Mycena chlorophos	Annotation submitted by Academia Sinica	50883660
Dacryopinax spathularia		29247333
Galerina sulciceps		101885605
Auriscalpium orientale		45398739
Sarcomyxa edulis		35651721
Microbotryum scabiosae		22775219
Mrakia blollopis		30479820
Microbotryum intermedium		23443444
Armillaria altimontana		73739702
Microbotryum silenes-acaulis		29858089
Sporobolomyces phaffii		21493487
Amyloporia xantha		46808119
Cutaneotrichosporon sp. PA3318		20090236
Favolaschia claudopus	Annotation submitted by DOE Joint Genome Institute	264579338
Microbotryum saponariae	Annotation submitted by ESE	28653577
Omphalotus guepiniiformis		42513208
Papiliotrema fonsecae		17796070
Laccaria trichodermophora		59062912
Microbotryum silenes-dioicae		33940557
Lepiota venenata		49247364
Vishniacozyma victoriae		11657171
Pisolithus sp. B1	Annotation submitted by DOE Joint Genome Institute	64705422
Cutaneotrichosporon sp. PT3311B		20091665
Lepiota brunneoincarnata		55607740
Meira nashicola		18015688
Lyophyllum atratum	Annotation submitted by DOE Joint Genome Institute	64896558
Sporisorium exsertum		19675720
Anthracocystis walkeri		18415360
Flagelloscypha sp. PMI_526	Annotation submitted by DOE Joint Genome Institute	72728845
Meruliopsis variegata		14604045
Amanita molliuscula		71175040
Ceratorhiza oryzae-sativae		48847994
Agaricales sp. HM26-F1		32238363
Phaeotremella fagi		22649946
Ustilago sp. UG-2017b	Annotation submitted by Technische Universitat Munchen - WZW	21904892
Trichosporonaceae sp. PDH3307A		21952620
Trichosporon sp. DN520		24955083
Ustilago trichophora	Annotation submitted by Technische Universitat Munchen - WZW	39002873
Ustilago tritici	Annotation submitted by University of Cologne	20444915
Anthracocystis setariae		21488978
Trichosporonaceae sp. PL3408A		21953332
Naganishia vaughanmartiniae	Annotation submitted by Jet Propulsion Laboratory, California Institute of Technology	23003986
Golubevia sp. BC0850		25851279
Tremella yokohamensis		20989627
Thecaphora thlaspeos		20591595
Ustilago nuda	Annotation submitted by University of Cologne	21384534
Ustilago loliicola	Annotation submitted by University of Cologne	20766546
Ustilago crameri		18819945
Ustilago lituana		25770532
Naganishia diffluens		19092136
Ustilago vetiveriae		18373116
Macalpinomyces mackinlayi		20011713
Moesziomyces globuligerus		18584977
Naganishia friedmannii	Annotation submitted by Jet Propulsion Laboratory, California Institute of Technology	23839142
Mycena pura	Annotation submitted by DOE Joint Genome Institute	96680276
Golubevia sp. BC0902		25811735
Ustilago xerochloae		20056913
Apiotrichum gracile		24114851
Ustilago sp. UG-2017a	Annotation submitted by Technische Universitat Munchen - WZW	28938793
Amanita rimosa		45347215
Marasmiellus scandens	Annotation submitted by USDA ARS	69436134
Termitomyces sp. T153		72516989
Ustilago curta		18446555
Clitopilus passeckerianus		65609455
Vanrija sp. TS_01		22666875
Cerrena zonata	Annotation submitted by Justus Liebig University	55515746
Heterobasidion parviporum		37757905
Moesziomyces sp. F5C1		18287837
Moniliella sp. 'wahieum'		69496977
Moesziomyces sp. F16C1		18325855
Coprinopsis sp. MPI-PUGE-AT-0042	Annotation submitted by DOE Joint Genome Institute	121013029
Mycena citricolor	Annotation submitted by The Genome Analysis Centre	77511139
Trichosporon sp. PB005A		23566371
Pseudozyma sp. F8B2		18463159
Filobasidiaceae sp. PG3902-1		19038063
Hysterangium stoloniferum	Annotation submitted by DOE Joint Genome Institute	111842964
Phlebiopsis flavidoalba		36594278
Boletus sp. NGJ		33501578
Tremellales sp. FJII-L8-SW-PAB2		18802921
Amylostereum areolatum		57567124
Cystobasidium slooffiae		22069978
Golubevia sp. BC0812		25804940
Psilocybe mexicana		65236159
Rhodotorula sp. BUB8		20394133
Papiliotrema nemorosus		19248615
Apiotrichum sp. Y4201-1		48722126
Apiotrichum sp. Y4204		49165953
Paramarasmius palmivorus	Annotation submitted by USDA ARS	68319805
Symmetrospora coprosmae		20184377
Apiotrichum sp. PL3309B		48972920
Holtermanniella nyarrowii		17735411
Apiotrichum sp. PDH3304B		48989798
Puccinia hordei		206919034
Rhodotorula sp. S30-09		18521032
Apiotrichum sp. PL3306B		48854855
Apiotrichum sp. PA4207		49164141
Rhodotorula sp. VS67		20263449
Tetrapyrgos nigripes	Annotation submitted by Lund University	99142376
Cystobasidiaceae sp. HBUAS51001		42428271
Rhodotorula sp. CC01		19925548
Cystobasidiaceae sp. R9020		21642952
Naganishia adeliensis		19403212
Pascua sp. PK3308B-1		32070009
Trametes sp. AH28-2		38904488
Cryptococcus sp. T15_22C		16247768
Grammothele lineata		42321318
Chalciporus sphaerocephalus		28339759
Cutaneotrichosporon sp. M94-02A		18216673
Rhodotorula sp. JG-1b	Annotation submitted by DOE Joint Genome Institute	19393393
Cystobasidiaceae sp. 2NF920		21658171
Microbotryomycetes sp. JL201	Annotation submitted by Duke University	17449121
Naganishia sp. IF7SW-B1		19429219
Cystobasidiaceae sp. 2NP905A		21636965
Cystobasidiaceae sp. P9004		21638468
Puccinia coronata f. sp. avenae	Annotation submitted by University of Minnesota	99159039
Sporidiobolaceae sp.		19802249
Rhodotorula sp. PL61-2		21374169
Malasseziomycetes sp.		8610536
Pascua sp. PH3313A		32068340
Microbotryomycetes sp. JL221	Annotation submitted by Duke University	18690526
Saitozyma sp. JCM 24511	Annotation submitted by RIKEN Center for Life Science Technologies, Division of Genomic Technologies	28180937
Rhodotorula sp. CCFEE 5036	Annotation submitted by University of California, Riverside	19072598
Cryptococcus sp. GC_Crypt_8		17194225
Pascua sp. PH3615		32061115
Auriculariales sp. MPI-PUGE-AT-0066	Annotation submitted by DOE Joint Genome Institute	47727729
Rhodosporidiobolus sp. SP3-4		24395395
Tranzscheliella williamsii		18477464
Rhodotorula sp. CP72-2		21358924
Amanita subjunquillea		53204488
Amanita pallidorosea		57854386
Cryptococcus sp. GC_Crypt_2		17327004
Mycena sp. CBHHK59/15	Annotation submitted by DOE Joint Genome Institute	177780440
Cryptococcus sp. GC_Crypt_7		19669281
Solicoccozyma phenolica		22263516
Mrakia hoshinonis		23979639
Naganishia randhawae		20271596
Cryptococcus sp. GC_Crypt_6		19673359
Leucocoprinus sp. KB1807203		38119301
Pascua sp. PL2904B		32041537
Holtermannia corniformis		20721755
Pascua sp. PH4015B		32098997
Collybiopsis confluens	Annotation submitted by Lund University	60120426
Pleurotus ostreatoroseus	Annotation submitted by Amazonian macromicets: knowing their diversity and evaluating their biotechnological potential in a sustainable way	38588587
Trichosporon sp. PG3703		23601379
Cubamyces sp. BRFM 1775	Annotation submitted by DOE Joint Genome Institute	34515440
Naganishia cerealis	Annotation submitted by Jet Propulsion Laboratory, California Institute of Technology	24976512
Rhodotorula sp. ZM1		19201912
Boletus reticulatus		40703356
Trichosporon sp. LN7006B		23520207
Trichosporon sp. P6006		23528208
Filobasidiaceae sp. PT2105A-2		19387214
Coprinopsis strossmayeri		33316483
Psilocybe azurescens		71449623
Terana caerulea		50858415
Pseudozyma tsukubaensis		23769677
Naganishia antarctica		21218161
Candolleomyces efflorescens	Annotation submitted by TU Dresden - IHI Zittau	33573984
Apiotrichum siamense		23186175
Irpex sp. Y119-03		37001746
Filobasidiaceae sp. PT2105A		18629844
Podaxis sp. AQ645840		37533438
Peribolospora kevripleyi		23121929
Guyanaporus albipodus		31265137
Podaxis rugospora		32549964
Hymenochaete sp. R1		28452148
Armillaria sp. CMW 4456		54954005
Sporisorium iseilematis-ciliati		23207148
Cryptococcus sp. VH57_BW		18883474
Tulasnella sp. 330	Annotation submitted by DOE Joint Genome Institute	42302809
Leucosporidium yakuticum		26563415
Tephrocybe sp. 9980TJB		33903341
Boletus loyo		30746463
Peniophora sp. CONT	Annotation submitted by DOE Joint Genome Institute	46030792
Cryptococcus neoformans AD hybrid		27181434
Podaxis sp. C-F-101400		37556161
Tulasnella sp. 424	Annotation submitted by DOE Joint Genome Institute	48431701
Tulasnella sp. 425	Annotation submitted by DOE Joint Genome Institute	48399368
Podaxis pistillaris		35403267
Melanogaster broomeanus	Annotation submitted by DOE Joint Genome Institute	49614189
Chalciporus chontae		28015428
Mrakiaceae sp. VS III B KN 2		22440660
Lepiota subincarnata		37765222
Cryptococcus sp. GC_Crypt_5		20532236
Cryptococcus sp. GC_Crypt_3		19880534
Agrocybe cylindracea		56488834
Psilocybe subaeruginosa		49326177
Rhodotorula sp. M30-05A-2		20224578
Podaxis sp. C-F-92630		38470203
Ganoderma meredithae		39543111
Clavulina sp. PMI_390	Annotation submitted by DOE Joint Genome Institute	41628453
Trametes cubensis	Annotation submitted by TU Dresden - IHI Zittau	41991417
Trametes pubescens	Annotation submitted by CBS-KNAW Fungal Biodiversity Centre Institute of the Royal Netherlands Academy of Arts and Science	39739821
Podaxis sp. C-F-101401		37862361
Athelia sp. TMB	Annotation submitted by The Ohio State University	79838449
Amanita polypyramis BW_CC	Annotation submitted by Harvard University	19670722
Podaxis sp. AQ795752		31563407
Rhizopogon roseolus		37675430
Podaxis sp. AQ799166		38522686
Porogramme epimiltina		46180263
Candolleomyces aberdarensis	Annotation submitted by IHI Zittau / TU Dresden	60609341
Leccinum boreale		38421105
Apiotrichum sp. Y3305A		44190222
Steccherinum ochraceum	Annotation submitted by The Federal Research Centre "Fundamentals of Biotechnology" of the Russian Academy of Sciences	35274896
Termitomyces sp. MG145		62227992
Fibularhizoctonia sp. CBS 109695	Annotation submitted by DOE Joint Genome Institute	95118143
Sporisorium sorghi		24828205
Apiotrichum akiyoshidainum		30042643
Podaxis sp. MADm22		33207109
Leccinum snellii		40800306
Psilocybe cyanescens	Annotation submitted by Ohio State University	47465408
Physisporinus lineatus	Annotation submitted by TU Dresden - IHI Zittau	46923322
Irpex sp. M6601		37382830
Austroboletus novae-zelandiae		41603055
Peniophora sp. CBMAI 1063	Annotation submitted by LABORATORIO NACIONAL DE CIENCIA E TECNOLOGIA DO BI	46982497
Apiotrichum sp. M3315A-1		47175374
Termitomyces sp. T73sscA		48163792
Leccinum variicolor		38329656
Bondarzewia mesenterica	Annotation submitted by IHI Zittau / TU Dresden	36721587
Lentinula aff. lateritia	Annotation submitted by DOE Joint Genome Institute	39933087
Xerocomellus intermedius		36408272
Hemileccinum rubropunctum		42869248
Leucosporidium scottii		26750114
Termitomyces sp. J132	Annotation submitted by BGI	67296805
Coniferiporia weirii	Annotation submitted by Oregon State University	40274806
Fibroporia radiculosa	Annotation submitted by NCBI RefSeq	28378039
Boletus pseudopeckii		30991453
Leccinum subgranulosum		41790371
Cutaneotrichosporon sp. PK4640		45199702
Ceratobasidium sp. AG-I	Annotation submitted by DOE Joint Genome Institute	58444101
Cutaneotrichosporon sp. P10-008		45176577
Termitomyces sp. T112	Annotation submitted by Leibniz-Institut fur Naturstoff-Forschung und Infektionsbiologie e. V. - Hans-Knoll-Institut (HKI)	66220995
Marasmius sp. AFHP31	Annotation submitted by Universidad Nacional Toribio Rodríguez de Mendoza de Amazonas	84698778
Cyphobasidiales sp. Tagirdzhanova-0007	Annotation submitted by Spribille Lab	17620033
Tremellales sp. Uapishka_1	Annotation submitted by McGill University	17889413
Gymnopilus dilepis	Annotation submitted by Ohio State University	46664762
Glaciozyma martinii		21097315
Austroboletus niveus		51907632
Leucocoprinus birnbaumii	Annotation submitted by TU Dresden - IHI Zittau	45705486
Panaeolus cyanescens	Annotation submitted by Ohio State University	44310526
Tephrocybe rancida	Annotation submitted by Wageningen University and Research	66588273
Termitomyces sp. T70a		54631873
Ceratobasidium sp. 414	Annotation submitted by DOE Joint Genome Institute	50425407
Boletus subcaerulescens		49764367
Sarcodon aspratus		35703634
Pulveroboletus cf. rosaemariae		72336666
Asterophora parasitica	Annotation submitted by Wageningen University and Research	34053942
Boletus huronensis		37985529
Asterophora lycoperdoides		34157045
Boletus insuetus		49789942
Dentipellis fragilis	Annotation submitted by IHI Zittau / TU Dresden	32180624
Xerocomus spinulosus		34171793
Boletellus ananas		43530106
Termitomyces heimii		56872381
Papiliotrema terrestris		21297626
Boletus rubescentipes		42497777
Termitomyces sp. JCM 13351		91816091
Termitomyces sp. T69sscA		59397535
Zangia roseola		37649802
Pulveroboletus aff. viridisquamosus		54964352
Panellus pusillus		49366550
Tylopilus felleus		42638358
Strobilomyces dryophilus		50209899
Neonothopanus nambi		103544009
Termitomyces sp. Mn162	Annotation submitted by Wageningen University and Research	70239706
Psilocybe tampanensis		46521012
Phylloporus aff. rhodophaeus		46322017
Solioccasus polychromus		50346206
Boletellus emodensis		42011282
Pseudozyma sp. M118-08B		19540226
Tremellales sp. Tagirdzhanova-0007	Annotation submitted by Spribille Lab	17202798
Waitea circinata		31710712
Sphagnurus paluster	Annotation submitted by Wageningen University and Research	43980169
Boletus eberwhitei		48309558
Austroboletus eburneus		56572031
Tulasnella sp. 332	Annotation submitted by DOE Joint Genome Institute	44576393
Boletus aff. mottiae		52092295
Lanmaoa pseudosensibilis		54356304
Myochromella boudieri		53072152
Phenoliferia sp. Uapishka_3	Annotation submitted by McGill University	32924126
Goffeauzyma gilvescens		20691908
Boletus barrowsii		48845065
Tylopilus vinaceipallidus		51882634
Xerocomus brunneocitrinus		40924617
Tephrocybe sp. 10521TJB		48169512
Hymenopellis chiangmaiae		80374122
Amanita jacksonii TRTC168611		30856360
Boletales sp. KT-2023b		52625502
Tulasnella sp. UAMH 9824	Annotation submitted by University of Missouri	49802335
Australopilus palumanus		49139164
Tulasnella sp. 331	Annotation submitted by DOE Joint Genome Institute	44512311
Lactifluus pinguis		49262189
Coprinellus aureogranulatus	Annotation submitted by TU Dresden - IHI Zittau	58242426
Leccinum uliginosum		55777117
Fistulinella prunicolor		45918294
Xerocomellus dryophilus		42539129
Sarcodon sp. MG97		32162182
Aureoboletus auriporus		60408856
Tubosaeta aff. heterosetosa		42571611
Lyophyllum semitale		57326831
Xerocomellus amylosporus		50138405
Xerocomellus chrysenteron		56087018
Leccinum rugosiceps		55745054
Porphyrellus cyaneotinctus		53289339
Megacollybia marginata		99329841
Macrolepiota dolichaula		54782605
Retiboletus ornatipes		29764564
Suillus sp. MG131		40935350
Boletus sensibilis		42725537
Boletus rex-veris		54229967
Boletus speciosus		29905459
Boletales sp. KT-2023a		52629335
Leccinum rimulosum		71766228
Albatrellus ellisii		122761634
Wakefieldia striispora		60945003
Cryptococcus sp. GC_Crypt_1		16875942
Leccinum clavatum		55236365
Boletus subgraveolens		62046935
Cryptococcus sp. GC_Crypt_4		14299923
Caloboletus calopus		32432472
Leucoagaricus sp. SymC.cos	Annotation submitted by BGI	119028496
Brachybasidiaceae sp.		5324967
Puccinia novopanici		99934463
Tubosaeta brunneosetosa		54113401
Xanthoconium stramineum		62272454
Termitomyces sp. DKA64		82234750
Phaeolepiota aurea		34055498
Boletus vermiculosoides		63689463
Leccinum fibrillosum		53509713
Xerocomus potaroensis		59487117
Harrya chromipes		47367507
Leccinum sublutescens		61242503
Ceratobasidium sp. 428	Annotation submitted by DOE Joint Genome Institute	69097995
Boletus vinaceobasis		52980708
Sutorius australiensis		53682333
Ceratobasidium sp. 395	Annotation submitted by DOE Joint Genome Institute	67010313
Russula sp. MG48		64797397
Rhizopogon rudus		37101101
Leccinum albellum		57358810
Strobilomyces echinocephalus		59223377
Phylloporus cf. tubipes		55418551
Termitomyces sp. T108		55474734
Lactarius sp. MG50		65894916
Nidularia sp. FH-822889		51534864
Serendipita sp. 396	Annotation submitted by DOE Joint Genome Institute	20638744
Leccinum incarnatum		58131787
Pulveroboletus aff. annulatus		81126094
Tylopilus balloui		41832403
Leccinum barrowsii		59305326
Tulasnella sp. 403	Annotation submitted by DOE Joint Genome Institute	29964626
Boletus rubropictus		48528962
Rubroboletus satanas		46332505
Exsudoporus frostii		43677013
Boletus flavorubellus		65093552
Boletellus aff. lepidospora		66188512
Nevesoporus exiguus		73682856
Ramaria sp. MG151		83793951
Phylloporus scabripes		29572621
Boletus pseudo-olivaceus		48883241
Termitomyces sp. MG148		88643861
Hortiboletus campestris		64738539
Neoboletus magnificus		40058851
Ceratobasidium sp. C01		88334453
Phylloporus rhodoxanthus		49541904
Tylopilus aff. beelii		74207848
Rubroboletus pulcherrimus		44175737
Leccinum arenicola		55501012
Nidularia pulvinata (Schwein.) Fr., 1823		95430580
Ceraceosorus bombacis	Annotation submitted by IPF	26090089
Leccinum pellstonianum		69678084
Hypsizygus ulmarius		40139307
Collybia sp. MG36		46064087
Boletus sp. MG55		54844683
Tricholoma furcatifolium	Annotation submitted by Wageningen University and Research	49805319
Xanthoconium purpureum		70831614
Rhizopogon sp. AM-2018a		36450972
Astraeus odoratus	Annotation submitted by Purdue University	45082902
Boletus tylopilopsis		54065993
Lentinus polychrous		38054542
Pulveroboletus frians		54376365
Termitomyces sp. MG16		98805396
Tubosaeta aff. alveolata		66470281
Xanthoconium separans		60183430
Austroboletus festivus		77635256
Termitomyces sp. Mi166#008	Annotation submitted by Wageningen University and Research	71419695
Rossbeevera mucosa		62732166
Thecaphora frezii		29330560
Boletellus ananiceps		55918461
Boletus subparvulus		78692946
Boletus bicolor		47876317
Pulveroboletus cf. aberrans		124921156
Boletus patriciae		82816523
Leccinum subtestaceum		65088618
Leccinum obscurum		69725547
Tylopilus intermedius		55734004
Heimioporus aff. retisporus		62036343
Tylopilus cervinicoccineus		44909139
Boletus tomentosulus		45469392
Psilocybe galindoi		53416833
Serendipita sp. 401	Annotation submitted by DOE Joint Genome Institute	28571286
Leccinum olivaceopallidum		58998826
Lactarius sp. MG121		63817975
Leccinum griseonigrum		55353099
Lactifluus echinatus		48078660
Tulasnella sp. 419	Annotation submitted by DOE Joint Genome Institute	33665025
Tulasnella sp. 427	Annotation submitted by DOE Joint Genome Institute	39289859
Baorangia bicolor		58726254
Limonomyces culmigenus		36136062
Xerocomus minutiporus		46250543
Tulasnella sp. 418	Annotation submitted by DOE Joint Genome Institute	32841821
Nidula microcarpa		57981719
Tulasnella sp. 417	Annotation submitted by DOE Joint Genome Institute	61487333
Leccinum imitatum		63623504
Boletus rubroflammeus		52377174
Tylopilus alboater		57506062
Calocybe gangraenosa		45014704
Xerocomus amazonicus		54386999
Tylopilus rubrobrunneus		59173191
Termitomyces sp. T32_za158	Annotation submitted by Wageningen University and Research	56889488
Ceratobasidium sp. 394	Annotation submitted by DOE Joint Genome Institute	53454525
Rhizopogon vesiculosus	Annotation submitted by University of Florida	43780879
Brasilioporus rufonigricans		81044472
Boletus harrisonii		63858611
Boletus mariae		47694709
Boletus rufocinnamomeus		73621983
Calocybe cyanea		54915986
Boletus separans		60961262
Boletellus pseudochrysenteroides		49879969
Tylopilus aff. striatulus		58462903
Irpex sp. P115-07		43364350
Sutorius aff. eximius		68555510
Hygrophorus pudorinus		77122045
Serendipita sp. 397	Annotation submitted by DOE Joint Genome Institute	28775535
Serendipita sp. 399	Annotation submitted by DOE Joint Genome Institute	31004825
Russula aff. compacta		75580499
Tulasnella sp. 408	Annotation submitted by DOE Joint Genome Institute	63626598
Lanmaoa carminipes		49611423
Boletus fagicola		45483707
Tephrocybe sp. NHM501043	Annotation submitted by Wageningen University and Research	64323069
Serendipita sp. 405	Annotation submitted by DOE Joint Genome Institute	28724145
Serendipita sp. 398	Annotation submitted by DOE Joint Genome Institute	28851264
Ceratobasidium sp. UAMH 11750	Annotation submitted by University of Missouri	47766782
Serendipita sp. 411	Annotation submitted by DOE Joint Genome Institute	28400685
Termitomyces sp. K1Ag		76223964
Leccinum longicurvipes		38796454
Tylopilus subfusipes		62823524
Gomphus sp. MG54		204967316
Boletus subvelutipes		51712777
Boletus nancyae		43760963
Tricholoma sp. MG99		59536732
Serendipita sp. 400	Annotation submitted by DOE Joint Genome Institute	28560853
Leccinum subrobustum		62594157
Leccinum aurantiacum		59738051
Boletus piedmontensis		38735929
Inosperma sp. D86		56653521
Leccinum solheimii		54636018
Phylloporus arenicola		39181303
Xerocomus subtomentosus		38359660
Boletus rubissimus		57417141
Tylopilus aff. balloui		44773730
Termitomyces eurrhizus		85890180
Ceratobasidium sp. 392	Annotation submitted by DOE Joint Genome Institute	52465834
Suillus alpinus		37934265
Ganoderma sp. BRIUMSc		52284286
Boletus sp. MG95		38870321
Macrocystidia cucumis		46746859
Leccinum broughii		66663461
Leccinum fallax		58141984
Hortiboletus rubellus		69440049
Sanghuangporus lonicericola		83113497
Leccinum ochraceum		71783287
Xerocomus nothofagi		46154583
Termitomyces sp. DKA19		108289537
Termitomyces sp. T159_Od127	Annotation submitted by Wageningen University and Research	76250332
Termitomyces sp. K1Aa		60416368
Lactifluus rugatus		39210598
Rhodotorula sp. FNED7-22		16339983
Rossbeevera pachydermis		60637697
Singerocomus inundabilis		83272285
Puccinia brachypodii		90698075
Ceratobasidium sp. 370	Annotation submitted by DOE Joint Genome Institute	47284605
Blastosporella zonata	Annotation submitted by Wageningen University and Research	48677616
Leccinum disarticulatum		71963407
Boletus vermiculosus		58916632
Leccinum fuscescens		60925273
Leccinum huronense		60639024
Strobilomyces confusus		37700268
Melampsora abietis-canadensis		74050440
Xerocomus ferrugineus		47813307
Neotropicomus parvogracilis		51024417
Boletus semigastroideus		68968562
Puccinia sorghi	Annotation submitted by BIA - FCEN - UBA	99534058
Exsudoporus floridanus		43751322
Malassezia sp.		6457454
Chalciporus pseudorubinellus		46807948
Caloboletus inedulis		39497380
Armillaria fuscipes		52984320
Tylopilus orsonianus		55321749
Afroboletus lepidellus		60239942
Cantharellus cinnabarinus		62363499
Nidula niveotomentosa		55717362
Boletus subluridellus		85981065
Leccinum truebloodii		73229897
Xerocomus subpalustris		38385559
Cystoderma amianthinum		38520126
Irpex sp. PG99-01B2		18378750
Termitomyces sp. T27		84676684
Singerocomus rubriflavus		99093816
Melampsora occidentalis		97689000
Veloporphyrellus conicus		40790203
Ceratobasidium sp. 423	Annotation submitted by DOE Joint Genome Institute	66434938
Boletus bicoloroides		35302245
Arthromyces matolae	Annotation submitted by Wageningen University and Research	50532040
Leccinum variabile		63370116
Boletus smithii		57530235
Tricholoma sp. MG77		118334115
Boletus hoseneyae		45999607
Gomphus bonarii		116108881
Chalciporus piperatoides		37360977
Uromyces viciae-fabae		215710044
Retiboletus flavoniger		82251159
Chiua aff. virens		82152581
Leccinum pallidistipes		75388701
Tephrocybe sp. 9174TJB		47882015
Leccinum cinnamomeum		60397543
Leccinum insolens		69639287
Leccinum ponderosum		53070996
Boletus calvinii		41892220
Albatrellus sp. MG142		59385241
Leccinum subfulvum		52080184
Boletus sphaerocystis		51467670
Fistulinella cinereoalba		68976650
Gastroboletus turbinatus		56938543
Fistulinella staudtii		53412337
Binderoboletus segoi		68734642
Boletellus deceptivus		82476562
Baeospora myosura		61019048
Xerocomus cyaneibrunnescens		55013007
Boletellus dicymbophilus		81950677
Leccinum pseudoinsigne		58026887
Clitocybe nebularis		59334347
Pulveroboletus aff. carminiporus		70768311
Leccinum brunneo-olivaceum		32481341
Spongiforma cf. squarepantsii		81751151
Leccinum laetum		71660869
Hygrocybe conica		67958227
Caloboletus firmus		53316005
Mycocalia duriaeana		35760920
Boletus albobrunnescens		58110111
Rhizopogon parksii		35801119
Leccinum subspadiceum		60494839
Boletus miniatopallescens		38216930
Phylloboletellus chloephorus		65137054
Crucibulum parvulum		49964160
Heimioporus retisporus		79169885
Spongispora temasekensis		85354595
Boletus holoroseus		55800151
Boletus austroedulis		62221902
Veloboletus limbatus		92183165
Boletellus aff. obscurococcineus		115460129
Termitomyces sp. K1Ac		70706418
Leccinum colubrinum		58871884
Boletus roseobadius		63490706
Leccinum glutinopallens		65568721
Rugosomyces carneus		58963700
Crucibulum cyathiforme		51396422
Butyriboletus appendiculatus		43354353
Rubinoboletus rubinus		26669418
Phylloporus pelletieri		32394983
Cyathus pygmaeus		58320514
Boletus subdepauperatus		79070815
Leccinum holopus		73371616
Porphyrellus aff. niger		46900026
Boletus aff. phaeocephalus		56714350
Leccinum insigne		64897287
Rhizopogon hawkerae		36992390
Tylopilus cf. pallidocervicolor		54868846
Austroboletus rostrupii		117275880
Cyathus olla		45195051
Neoboletus cf. brunneissimus		71630982
Pascua sp. M117-10A		26817426
Rugiboletus extremiorientalis		77550435
Gyrodon tennesseensis		49386317
Leccinum discolor		61092953
Chalciporus aff. trinitensis		72641236
Phylloporus cf. nigrescens		68063260
Cystodermella granulosa		35367994
Pulveroboletus aff. ridleyi		73109443
Crocinoboletus aff. laetissimus		61118723
Pulveroboletus ridleyi		69472815
Leccinum subatratum		53210499
Boletus coffeatus		57906836
Phylloporus cf. gajari		77538801
Hemileccinum hortonii		64019119
Retiboletus fuscus		102386041
Boletus pseudoseparans		56330154
Austroboletus olivaceoglutinosus		56964413
Macrocybe sp. IBSDJ1		39337914
Boletellus aff. emodensis		58813063
Leccinum proximum		65603183
Xerocomus subilludens		110438574
Tylopilus cf. pernanus		89707505
Tylopilus aff. callainus		74778816
Boletus aff. vermiculosoides		69573286
Melampsora aecidioides		62222430
Leccinum proliferum		58230790
Xerocomus alliaceus		62705925
Leccinum olivaceoglutinosum		59308515
Tylopilus microsporus		65352330
Pterula multifida		51834972
Tylopilus cf. leucomycelinus		49532892
Leccinum angustisporum		103764350
Pulveroboletus cf. viridisquamosus		69771860
Boletus putidus		69053481
Rhizopogon villosulus		33267124
Bothia castanella		55863608
Heimioporus punctisporus		76826571
Boletus loyita		32198784
Pulchroboletus neoregius		63860144
Termitomyces sp. T123_Mx157		121493941
Chalciporus rubritubifer		35106514
Leccinum idahoense		60823818
Leccinum ambiguum		60173517
Butyriboletus regius		54840018
Garcileccinum viscosum		89299988
Xerocomus tenax		57822446
Boletus nobilissimus		75167739
Rubroboletus rhodosanguineus		101649250
Pseudoaustroboletus valens		63550026
Mycena sp. WM		166986402
Butyriboletus pseudospeciosus		52471000
Rhizopogon fuscorubens		37669127
Leccinellum crocipodium		45399531
Boletus aff. separans		101127216
Crepidotus sp. BD-2015		70257325
Austroboletus cf. mucosus		105440869
Phylloporus gajari		193215278
Sutorius eximius		164507409
Boletus aff. violaceofuscus		143779429
Calocybe gambosa		59979117
Megacollybia platyphylla		89984844
